algorithm,n_communities,modularity,coverage,mean_conductance
greedy_mod,8,0.4655826498837771,0.8708609271523179,0.34648182455249976
label_prop,8,0.43447655804569973,0.9072847682119205,0.2941034470005358
